{
  "recall@1": 0.7754,
  "precision@1": 1.0,
  "hit@1": 1.0,
  "recall@3": 0.9108666666666667,
  "precision@3": 0.44666666666666666,
  "hit@3": 1.0,
  "recall@5": 1.0,
  "precision@5": 0.31360000000000005,
  "hit@5": 1.0,
  "mrr": 1.0,
  "rouge_l_best": 0.9612444531085912,
  "correct_rouge_l": 0.9615368872237948,
  "wrong_rouge_l": 0.960574932897467
}