{
  "static_weights": {
    "weights": [
      0.4,
      0.35,
      0.25
    ],
    "accuracy": 0.77,
    "maybe_rate": 0.11458333333333333
  },
  "grid_optimized": {
    "weights": [
      0.0,
      0.35000000000000003,
      0.6499999999999999
    ],
    "accuracy": 0.78,
    "maybe_rate": 0.10416666666666667
  },
  "grid_plus_thresholds": {
    "weights": [
      0.0,
      0.35000000000000003,
      0.6499999999999999
    ],
    "thresholds": [
      0.7,
      0.4
    ],
    "accuracy": 0.78,
    "maybe_rate": 0.09375
  },
  "adaptive_regime": {
    "regime_weights": {
      "doctors_agree": [
        0.0,
        0.0,
        1.0
      ],
      "doctors_mixed": [
        0.0,
        0.4,
        0.6
      ]
    },
    "accuracy": 0.78,
    "maybe_rate": 0.10416666666666667
  },
  "majority_vote": {
    "accuracy": 0.78
  },
  "test_set_size": 100
}